{"accuracy": 66.0, "precision": 62.600389863547754, "recall": 66.0, "f1": 63.92659514398644}