{"accuracy": 97.36842105263158, "precision": 97.40304709141274, "recall": 97.36842105263158, "f1": 97.37736498108013}