{"accuracy": 0.828125, "precision": 0.78984375, "recall": 0.828125, "f1": 0.7933443952802359}