{"accuracy": 82.8125, "precision": 68.5791015625, "recall": 82.8125, "f1": 75.0267094017094}